name	input_sha256	printer_sha256	status
retail-10-1	eea859119088de6ae7bd7c32bdac359a36d3da6f04e5db0622963803ee4fdab9	58e1a02955277a4a4d6e93865ed2298f5274b8627f57406331d81bb330d50942	exact
retail-10-3	bc9dee4c30bc5d311d46a12cfbfa1c81e897e92bb998ea4264d70c94307b00d3	4b2948d1479270303d923cf60ad1fdc61caa7c382fc10e9c51473470c8b1f3d0	exact
retail-7-1	1de9a1ed211e6a0db8aba6bfe8e8a03c50d450df27ce79b323f39a09c67fd9ac	b8c822880579c409aba77ee4deb9d0209e625e40edd6cb80e88d608fff85bf63	exact
retail-7-3	669a2821b92d078649e5e273541b439da982de7a92879c3445c400d5960febf8	1606fea236906226a7956ced0a3ff15824d4528ec10a45dbf9f7602c69bf8845	exact
retail-9-1	98868eadbd599cc02166d6a0321a45bcffb9836e8c30a3dcb46ce48525c252d3	e551b126bcc3dbc98f60d578b2e6b5e7aff464bcbb95b7498e1467e243e529a5	exact
retail-9-3	5f722b00197ca0eb88dd038bbeb20e3d84df2ef44757ee24e21bd82b2e7626db	c88fe0df52ad01a8d2a3266dd52d279a962972f9f2c3e53ddc6c5b79db4c5c82	exact
upce-00425261	dad6c15ad8921706346492a0532a9d3156f3caf780dc56387c21f2dc64ec38b8	c215192f1dd52fb89aeab7041712c322173ce5a509003cc73b432697498fc8d8	invalid
upce-01230000045	53e83a823a89039a89bab0cf9220abec0fc09cc6965ff7ea3dde5de2568376b9	8f36d85c7937665dc11c81ad34b79441a1be60ea5deda651a8cd4a249531e0fc	exact
upce-01234000005	8f5cdd5ffa15b06eb670ef6bd7e7f3200228668df5485b1a46d2c7322df74765	672f005f99f20bbd89770a3676f5c62c19151a3e1178a6de21004d5b5ad272fa	exact
upce-01234500006	ef63a12349f382581210e7f852a9c16ea6a1f18ab744d9fce2921eacb9f72e06	abdd1fdc1255597843d915e8b6564a1a848c1f59eea0479ec4fdc50740c6dcb2	exact
upce-04210000526	ec0ccb6f7b007c3b8463bd8dd222fcc95b12c6818754dce347b9a1a212cb5ba5	b0d6a5c65af9de907379b1b8516451b1a76e52daa74a96429569998c85002c4c	exact
upce-042100005264	5cdd03e20f076d0ddb09f68107ffc24bfaa83a4b45972b2f611a1979c308e297	c215192f1dd52fb89aeab7041712c322173ce5a509003cc73b432697498fc8d8	invalid
upce-042526	5d5e62bd72053d14a3f517818eeec5b5d714af6a4c2e9325acf9debdf9e2b8eb	c215192f1dd52fb89aeab7041712c322173ce5a509003cc73b432697498fc8d8	invalid
upce-0425261	59815d311021397aed2d4ef514463eba91393ed36f2dadc74b4657d49b05abf6	c215192f1dd52fb89aeab7041712c322173ce5a509003cc73b432697498fc8d8	invalid
upce-original-invalid	02f2fced16c5bd7bbe5fb118479bf99ffa0a8ae2c79f9d954a35b01cb0cf0aed	f886a1807b034d9f0ff8efb3ddca53b9b4c250128650ef97cbe45102a3cd23f3	invalid
