name	input_sha256	printer_sha256	underpaint	overpaint	local_pixels_sha256
code128-64-then-empty	9587e3b07b169e14cba7831568217f0e5f8343048d347ee25696a3f71c29726d	49a923d268fdc9f5ef3dbc5b7aeacf27f813f8a84db8b72515bb416badfdc1bd	0	0	f0fe871731eed6243c1e20f4be885a18e9d4fdc2070108ba36625d43504aae08
code128-64-then-module	b933b1997681703f032860459e170c1d7f3a736075a1b8395b04165f1eebdd29	49a923d268fdc9f5ef3dbc5b7aeacf27f813f8a84db8b72515bb416badfdc1bd	0	0	f0fe871731eed6243c1e20f4be885a18e9d4fdc2070108ba36625d43504aae08
code128-64-then-ratio	ff5b6722760b88e6cedd647d3115bdeb370c18a292d34d33e03ed3f0e4dd0c01	49a923d268fdc9f5ef3dbc5b7aeacf27f813f8a84db8b72515bb416badfdc1bd	0	0	f0fe871731eed6243c1e20f4be885a18e9d4fdc2070108ba36625d43504aae08
code128-all-retained	e045ada35bec186c1778a11d4956ab7473c349276f05de3b4ee384a331e2583f	9c8e7357f9a19b967e3fccf7fa5c8ac8936fdcb79dba9e044881dddf93f27646	0	0	966d692032c96b53b3dbf155877f78e34c267026f91ccccfd7d0b0d0b7c3ec68
code128-empty	d8b7053018461c38aeb5da97219ef05f0423a61e59382de1b9e39722bd23d43e	87c21a4f9c50cf7dcfaae880ea85f40a8633f76f67606c26fe76d26da957f28a	0	0	f5e4fd27866b762c3681ba419ae95da947af8df9082ada50b36e59bb1314ba32
code128-explicit-10	a82a849ca4d2edbc4996695b1bedb82c406425f581293e930b255998b822fa3d	87c21a4f9c50cf7dcfaae880ea85f40a8633f76f67606c26fe76d26da957f28a	0	0	f5e4fd27866b762c3681ba419ae95da947af8df9082ada50b36e59bb1314ba32
code128-explicit-64	361b7881dafbca8ca3449d39fd008ea3eaf39c58d954ea4dd9ea7e819457b4c3	49a923d268fdc9f5ef3dbc5b7aeacf27f813f8a84db8b72515bb416badfdc1bd	0	0	f0fe871731eed6243c1e20f4be885a18e9d4fdc2070108ba36625d43504aae08
code128-module-only	2ec0f12c4fe95f676e40bb21a95ee09a3c5a50ee4770a89a0889ac65be48bf61	87c21a4f9c50cf7dcfaae880ea85f40a8633f76f67606c26fe76d26da957f28a	0	0	f5e4fd27866b762c3681ba419ae95da947af8df9082ada50b36e59bb1314ba32
code128-module-ratio-retained	00a2a1edfd1585e21aeda93b25f79c793552b81f6e5907b512d973504559ed53	946ce1559810d73be811bc30e03dc081dd763a6e7835c6925a92525e58627660	0	0	48a250ae729b0fb717f95eacf4b9a8012906b49fbb06822e5107ec3b2be9705f
code128-none	3a13f752c6cb798f8c80fb38138a14b44e695cff74d5c37efbb63337b80b51c5	87c21a4f9c50cf7dcfaae880ea85f40a8633f76f67606c26fe76d26da957f28a	0	0	f5e4fd27866b762c3681ba419ae95da947af8df9082ada50b36e59bb1314ba32
code39-64-then-empty	0380baab78944327cc01ed2637055ccf1189b459620e80a72f1a6387dfd58ed3	98d8da513408d4491d5e34e31407010fcd72a00079323c8bb9f5a63a37029b88	0	0	e21a075f043a2b1ebd1888323899f11283feae60ffaf50d862ad92960ee3bcac
code39-64-then-module	ee8f89528c8054e687276668aaba02b0d3befc405093392eb09662f1e1ce5fc5	98d8da513408d4491d5e34e31407010fcd72a00079323c8bb9f5a63a37029b88	0	0	e21a075f043a2b1ebd1888323899f11283feae60ffaf50d862ad92960ee3bcac
code39-64-then-ratio	199e70fe1f8d6cedd851a4361a0b5873c9b6e0ae15a4d0854c2fff2a5033b3b3	1bd2ea03746174be47990450969950121524f211570e389b559b1471ec680b32	0	0	8784c432eadba7ca1ad35baa27d396b755d8e81d914e61e65190ed57ca3c953c
code39-all-retained	ee367d484bd3c011269a691f5ad5e5e6e45906824d65e508f40edaea51853c87	23454df373abd18f0a5fe5cc7a41d3683f33c5887e83908f72c17001c0a14860	0	0	d0cd0fc376147d204dc26123e22e6e4ea994a31eea47c6019b6c0b8b51880b45
code39-empty	3e9d92fc7370031c9f66a5648ce9a0750f9b19003032c91f2c454424de385ada	0f229fc1eccfced9bab296821e6024f4dd80f5688f9c1b0b59a6121584c640de	0	0	1a0454724edfbbb614d06a418dc6d94c6a82cd71cb38f8dfedfdfed782812000
code39-explicit-10	00eff2fa19b699456585bdb8afad7deaede3b4fadb983434bfb2c1a70a3d59c2	0f229fc1eccfced9bab296821e6024f4dd80f5688f9c1b0b59a6121584c640de	0	0	1a0454724edfbbb614d06a418dc6d94c6a82cd71cb38f8dfedfdfed782812000
code39-explicit-64	84e0cdd89d4e05ce79a11cb0d914b0d3fb49624e36aaada41dd06f125f0642fc	98d8da513408d4491d5e34e31407010fcd72a00079323c8bb9f5a63a37029b88	0	0	e21a075f043a2b1ebd1888323899f11283feae60ffaf50d862ad92960ee3bcac
code39-module-only	23b0ba169a8697bbde0721d2d46e2b58a76b6a423beaa46d1566389aec56e6cb	0f229fc1eccfced9bab296821e6024f4dd80f5688f9c1b0b59a6121584c640de	0	0	1a0454724edfbbb614d06a418dc6d94c6a82cd71cb38f8dfedfdfed782812000
code39-module-ratio-retained	87f3bf1eabc00bb076c47ef0152cb2ffcb75916536b7120ddc0830fdcf7f01c8	c8cbae0a8efbacc5d21251bc2578adf91953ed2258bd3f435d3f4bc656ec39b8	0	0	fbc813d9a51d228763dfc34c28a7eac3e2033217a1058c7b4e9d9959bbb38b5f
code39-none	ac29e0940e2e06cac91e9453e0e8efa437ebdc7792284226fa02d2725b9ccdad	0f229fc1eccfced9bab296821e6024f4dd80f5688f9c1b0b59a6121584c640de	0	0	1a0454724edfbbb614d06a418dc6d94c6a82cd71cb38f8dfedfdfed782812000
