name	input_sha256	printer_sha256	rendered_pixels_sha256	underpaint	overpaint
length-B8	9286d72fe19f3a4ae37981c92944815c97b371aa3e4435bcd170f96b8f858ea0	ec9955b4b4a59de69506557ba51989f682990283f4f74ff05ad93aba8366f476	a12ad7f5b683efe60fd7a9330fec24ad519b45c260f5b63903b1658b4a91cc58	0	0
length-BE	3ab1a1e46f65aacbcc137fea2a6db6391ade1d095e77c6714c6627ba92e5442a	fcc3d1d36bb678bed0b7ec6cf908a979f27d768da8413d03ecb1ed9a9e7293c0	93d73ee352e1cfc03c581cd0d45307f6ea8c8273de0da6724b3c1539aedea323	0	0
length-BU	1bb582336e63bbcef7c74688dea4d6eab7d5dbe3fca1def60db18b6ed4d07214	427c44eda9ee10081d083f3c531993dfe015108a3d7ca687d3f91e75dff35945	0fd1f306f16b9266898547a2b27525a1536f6dad0a515ceeb2d0b34eafd6c29d	0	0
length-reset-final	d28317fa6cc103d593a54cf8256775080fba5ac9dd9f980addf5730ef3f4b1ae	8092504bf665a058a392f4628c7901c9c10811923faabe269578b1f2eec0b1e5	04d4b5b9654e595ba61434cfcc4aa176bcabc65ef7bf65746325871bdb12c7ab	0	0
sweep-B8	de7cb6b9f32e62c35b04cb7005531bf71eb196c0bcd2b53e9041724b5d259761	78ae1435cceca73a43cece6577f89c1be261ad54cdf5d838a52b9b1ff00e77ac	54d25fe07a3eb2b8eb9e9cd7971c9a23c9b00fc5ba187e8954698ec448c7152b	0	0
sweep-BE	82431b3561792982eac9921e27c49c1840132cc7fdcfc9f4ac850943758ef314	e75ae451208ba547566819eedc9584eecba3b87f806f57b9ed083ac600520369	23e5232fdc835dee334e12a160dd31c12767f5b17dc6d016e48852fb8e8649d7	0	0
sweep-BU	447f20250bf959244e1d63a9d1e6f2f04c163e8280a82c052d506e0cc0810fa3	d675432477f9506a12c2fa497d1bf28a4bff06f44adafc661533fb38767cf26e	d076e826d8c61c9de535092357d9ba82a4d310e54a83b812c4f9b773cc01872c	0	0
sweep-reset-final	d28317fa6cc103d593a54cf8256775080fba5ac9dd9f980addf5730ef3f4b1ae	8092504bf665a058a392f4628c7901c9c10811923faabe269578b1f2eec0b1e5	04d4b5b9654e595ba61434cfcc4aa176bcabc65ef7bf65746325871bdb12c7ab	0	0
validation-B8	7c78778b47a84700ab2e846a96a6a1778fa6ab18a33955ef01ea0227ffaa14e9	5908b5435173c3e682176da9b46182fa8b793870331f2c6641ba27cacd0d82e5	19a63a20d98d3999e233cd0e543a9576d13e2b9340a0cccb718d9edc550a643d	0	0
validation-BE	55c576bde2d60c5888f32bb882d2e25afdf3689f5674917f0763948fa5d24158	8a368bd6fc72e5bf042247569a2789fb39ef5ca05c8ebf4fc8f26e849117e9df	3a418bb3e11dd64bd2e42227ee1c46b61a792264e0c1320584f336dae515af62	0	0
validation-BU	ea134164d0639cf6c0a8818ec2e8bbe21b022411fb90a8a304e615a695613cc6	a937a8a4b0a187e75abfee0a5a2615d4858a338b1ed0d3a34ab774089db398e6	46b20e1d6ef8e39656f2d74b301dd8b427789f3cde64fd3f013c1faf30b335b6	0	0
validation-reset-final	d28317fa6cc103d593a54cf8256775080fba5ac9dd9f980addf5730ef3f4b1ae	8092504bf665a058a392f4628c7901c9c10811923faabe269578b1f2eec0b1e5	04d4b5b9654e595ba61434cfcc4aa176bcabc65ef7bf65746325871bdb12c7ab	0	0
