suite	library	case	validity	failures
accuracy	forge	argument-fo-justify-0	unspecified	execution_error
accuracy	forge	argument-fo-justify-1	unspecified	execution_error
accuracy	go	argument-fo-justify-1	unspecified	zero_ink_overlap
accuracy	ffi	argument-fo-justify-1	unspecified	zero_ink_overlap
accuracy	forge	argument-fo-justify-2	unspecified	execution_error
accuracy	labelize	argument-layout-PO	unspecified	zero_ink_overlap
accuracy	zplr	argument-layout-PO	unspecified	zero_ink_overlap
accuracy	labelary	argument-layout-PO	unspecified	zero_ink_overlap
accuracy	forge	argument-variable-data	unspecified	blank_against_ink
accuracy	forge	argument-graphic-binary	unspecified	blank_against_ink
accuracy	binarykits	argument-graphic-binary	unspecified	zero_ink_overlap
accuracy	labelize	argument-graphic-B64	unspecified	execution_error
accuracy	forge	argument-qr-model-1	unspecified	zero_ink_overlap
accuracy	go	argument-qr-model-1	unspecified	zero_ink_overlap
accuracy	ffi	argument-qr-model-1	unspecified	zero_ink_overlap
accuracy	binarykits	argument-qr-model-1	unspecified	zero_ink_overlap
accuracy	labelary	argument-qr-model-1	unspecified	blank_against_ink
accuracy	forge	argument-qr-model-2	unspecified	zero_ink_overlap
accuracy	go	argument-qr-model-2	unspecified	zero_ink_overlap
accuracy	ffi	argument-qr-model-2	unspecified	zero_ink_overlap
accuracy	binarykits	argument-qr-model-2	unspecified	zero_ink_overlap
accuracy	forge	argument-qr-ec-L	unspecified	zero_ink_overlap
accuracy	go	argument-qr-ec-L	unspecified	zero_ink_overlap
accuracy	ffi	argument-qr-ec-L	unspecified	zero_ink_overlap
accuracy	binarykits	argument-qr-ec-L	unspecified	zero_ink_overlap
accuracy	forge	argument-qr-ec-M	unspecified	zero_ink_overlap
accuracy	go	argument-qr-ec-M	unspecified	zero_ink_overlap
accuracy	ffi	argument-qr-ec-M	unspecified	zero_ink_overlap
accuracy	binarykits	argument-qr-ec-M	unspecified	zero_ink_overlap
accuracy	forge	argument-qr-ec-Q	unspecified	zero_ink_overlap
accuracy	go	argument-qr-ec-Q	unspecified	zero_ink_overlap
accuracy	ffi	argument-qr-ec-Q	unspecified	zero_ink_overlap
accuracy	binarykits	argument-qr-ec-Q	unspecified	zero_ink_overlap
accuracy	forge	argument-qr-ec-H	unspecified	zero_ink_overlap
accuracy	go	argument-qr-ec-H	unspecified	zero_ink_overlap
accuracy	ffi	argument-qr-ec-H	unspecified	zero_ink_overlap
accuracy	binarykits	argument-qr-ec-H	unspecified	zero_ink_overlap
accuracy	forge	argument-qr-module-2	unspecified	zero_ink_overlap
accuracy	go	argument-qr-module-2	unspecified	zero_ink_overlap
accuracy	ffi	argument-qr-module-2	unspecified	zero_ink_overlap
accuracy	binarykits	argument-qr-module-2	unspecified	zero_ink_overlap
accuracy	forge	argument-qr-mask-0	unspecified	zero_ink_overlap
accuracy	go	argument-qr-mask-0	unspecified	zero_ink_overlap
accuracy	ffi	argument-qr-mask-0	unspecified	zero_ink_overlap
accuracy	binarykits	argument-qr-mask-0	unspecified	zero_ink_overlap
accuracy	forge	argument-qr-mask-3	unspecified	zero_ink_overlap
accuracy	go	argument-qr-mask-3	unspecified	zero_ink_overlap
accuracy	ffi	argument-qr-mask-3	unspecified	zero_ink_overlap
accuracy	binarykits	argument-qr-mask-3	unspecified	zero_ink_overlap
accuracy	forge	argument-qr-mask-7	unspecified	zero_ink_overlap
accuracy	go	argument-qr-mask-7	unspecified	zero_ink_overlap
accuracy	ffi	argument-qr-mask-7	unspecified	zero_ink_overlap
accuracy	binarykits	argument-qr-mask-7	unspecified	zero_ink_overlap
accuracy	forge	barcode-codablock_a	unspecified	execution_error
accuracy	forge	barcode-codablock_e	unspecified	execution_error
accuracy	forge	barcode-codablock_f	unspecified	execution_error
accuracy	labelary	barcode-databar_upce	unspecified	blank_against_ink
accuracy	labelize	barcode-maxicode2	unspecified	execution_error
accuracy	labelize	barcode-maxicode3	unspecified	execution_error
accuracy	labelize	barcode-maxicode5	unspecified	execution_error
accuracy	forge	barcode-maxicode5	unspecified	zero_ink_overlap
accuracy	labelize	barcode-maxicode6	unspecified	execution_error
accuracy	forge	barcode-upce	unspecified	execution_error
conformance	forge	probe-fo-justify-0	valid	execution_error
conformance	forge	probe-fo-justify-1	valid	execution_error
conformance	go	probe-fo-justify-1	valid	zero_ink_overlap
conformance	ffi	probe-fo-justify-1	valid	zero_ink_overlap
conformance	forge	probe-fo-justify-2	valid	execution_error
conformance	labelize	probe-layout-PO	valid	zero_ink_overlap
conformance	zplr	probe-layout-PO	valid	zero_ink_overlap
conformance	labelary	probe-layout-PO	valid	zero_ink_overlap
conformance	forge	probe-variable-data	valid	blank_against_ink
conformance	forge	probe-graphic-binary	valid	blank_against_ink
conformance	binarykits	probe-graphic-binary	valid	zero_ink_overlap
conformance	labelize	probe-graphic-B64	valid	execution_error
conformance	labelary	probe-qr-model-1	valid	blank_against_ink
conformance	forge	symbol-codablock_a	valid	execution_error
conformance	forge	symbol-codablock_e	valid	execution_error
conformance	forge	symbol-codablock_f	valid	execution_error
conformance	labelary	symbol-databar_upce	valid	blank_against_ink
conformance	labelize	symbol-maxicode2	valid	execution_error
conformance	labelize	symbol-maxicode3	valid	execution_error
conformance	labelize	symbol-maxicode5	valid	execution_error
conformance	forge	symbol-maxicode5	valid	zero_ink_overlap
conformance	labelize	symbol-maxicode6	valid	execution_error
conformance	forge	symbol-upce	valid	execution_error
conformance	codyps-zpl	printer-databar-retail-upce-00425261	invalid	execution_error
conformance	labelary	printer-databar-retail-upce-01230000045	boundary	blank_against_ink
conformance	labelary	printer-databar-retail-upce-01234000005	boundary	blank_against_ink
conformance	labelary	printer-databar-retail-upce-01234500006	boundary	blank_against_ink
conformance	labelary	printer-databar-retail-upce-04210000526	boundary	blank_against_ink
conformance	codyps-zpl	printer-databar-retail-upce-042100005264	invalid	execution_error
conformance	codyps-zpl	printer-databar-retail-upce-042526	invalid	execution_error
conformance	codyps-zpl	printer-databar-retail-upce-0425261	invalid	execution_error
conformance	codyps-zpl	printer-databar-retail-upce-original-invalid	invalid	execution_error
conformance	labelize	printer-retail-data-length-B8	boundary	execution_error
conformance	forge	printer-retail-data-length-B8	boundary	execution_error
conformance	labelize	printer-retail-data-length-BE	boundary	execution_error
conformance	forge	printer-retail-data-length-BE	boundary	execution_error
conformance	binarykits	printer-retail-data-length-BE	boundary	execution_crashed
conformance	labelize	printer-retail-data-length-BU	boundary	execution_error
conformance	forge	printer-retail-data-length-BU	boundary	execution_error
conformance	binarykits	printer-retail-data-length-BU	boundary	execution_crashed
conformance	labelize	printer-retail-data-sweep-B8	boundary	execution_error
conformance	forge	printer-retail-data-sweep-B8	boundary	execution_error
conformance	labelize	printer-retail-data-sweep-BE	boundary	execution_error
conformance	forge	printer-retail-data-sweep-BE	boundary	execution_error
conformance	labelize	printer-retail-data-sweep-BU	boundary	execution_error
conformance	forge	printer-retail-data-sweep-BU	boundary	execution_error
conformance	labelize	printer-retail-data-validation-B8	boundary	execution_error
conformance	forge	printer-retail-data-validation-B8	boundary	execution_error
conformance	labelize	printer-retail-data-validation-BE	boundary	execution_error
conformance	forge	printer-retail-data-validation-BE	boundary	execution_error
conformance	binarykits	printer-retail-data-validation-BE	boundary	execution_crashed
conformance	labelize	printer-retail-data-validation-BU	boundary	execution_error
conformance	forge	printer-retail-data-validation-BU	boundary	execution_error
conformance	binarykits	printer-retail-data-validation-BU	boundary	execution_crashed
conformance	forge	printer-retail-caption-edges-holdouts	boundary	execution_error
conformance	forge	printer-retail-caption-edges-discovery	boundary	execution_error
conformance	forge	printer-character-remap-scope-clean	boundary	execution_error
conformance	forge	printer-character-remap-space-barcode-clean	boundary	execution_error
conformance	forge	printer-character-remap-retail-positive	boundary	execution_error
conformance	forge	printer-box-minimum-round-0	boundary	execution_error
conformance	forge	printer-box-minimum-round-1	boundary	execution_error
conformance	forge	printer-box-minimum-round-8	boundary	execution_error
conformance	forge	font-dim-0-0	valid	blank_against_ink
conformance	forge	font-dim-1-1	valid	blank_against_ink
conformance	binarykits	font-dim-1-1	valid	blank_against_ink
conformance	zplr	font-dim-1-1	valid	zero_ink_overlap
conformance	labelize	text-empty	valid	execution_error
conformance	forge	anchor-FO-N-0	valid	execution_error
conformance	forge	anchor-FO-N-1	valid	execution_error
conformance	forge	anchor-FO-N-2	valid	execution_error
conformance	forge	anchor-FT-N-0	valid	execution_error
conformance	forge	anchor-FT-N-1	valid	execution_error
conformance	forge	anchor-FT-N-2	valid	execution_error
conformance	forge	anchor-FO-R-0	valid	execution_error
conformance	forge	anchor-FO-R-1	valid	execution_error
conformance	forge	anchor-FO-R-2	valid	execution_error
conformance	forge	anchor-FT-R-0	valid	execution_error
conformance	forge	anchor-FT-R-1	valid	execution_error
conformance	forge	anchor-FT-R-2	valid	execution_error
conformance	forge	anchor-FO-I-0	valid	execution_error
conformance	forge	anchor-FO-I-1	valid	execution_error
conformance	forge	anchor-FO-I-2	valid	execution_error
conformance	forge	anchor-FT-I-0	valid	execution_error
conformance	forge	anchor-FT-I-1	valid	execution_error
conformance	forge	anchor-FT-I-2	valid	execution_error
conformance	forge	anchor-FO-B-0	valid	execution_error
conformance	forge	anchor-FO-B-1	valid	execution_error
conformance	forge	anchor-FO-B-2	valid	execution_error
conformance	forge	anchor-FT-B-0	valid	execution_error
conformance	forge	anchor-FT-B-1	valid	execution_error
conformance	forge	anchor-FT-B-2	valid	execution_error
conformance	forge	offset-LH-100-200	boundary	zero_ink_overlap
conformance	ffi	offset-LH-100-200	boundary	zero_ink_overlap
conformance	zplr	page-transform-Y-N	valid	zero_ink_overlap
conformance	labelary	page-transform-Y-N	valid	zero_ink_overlap
conformance	zplr	page-transform-Y-I	valid	zero_ink_overlap
conformance	labelary	page-transform-Y-I	valid	zero_ink_overlap
conformance	binarykits	block-1-R	boundary	zero_ink_overlap
conformance	forge	block-spacing--12-indent-0	valid	execution_error
conformance	binarykits	text-block-N-1	boundary	zero_ink_overlap
conformance	zplr	text-block-R-120	valid	zero_ink_overlap
conformance	labelize	text-block-I-120	valid	zero_ink_overlap
conformance	forge	text-block-I-120	valid	zero_ink_overlap
conformance	go	text-block-I-120	valid	zero_ink_overlap
conformance	ffi	text-block-I-120	valid	zero_ink_overlap
conformance	binarykits	text-block-I-120	valid	zero_ink_overlap
conformance	zplr	text-block-I-120	valid	zero_ink_overlap
conformance	labelize	text-block-B-1	boundary	zero_ink_overlap
conformance	forge	text-block-B-1	boundary	zero_ink_overlap
conformance	go	text-block-B-1	boundary	zero_ink_overlap
conformance	ffi	text-block-B-1	boundary	zero_ink_overlap
conformance	binarykits	text-block-B-1	boundary	zero_ink_overlap
conformance	binarykits	unicode-cyrillic	valid	blank_against_ink
conformance	codyps-zpl	encoding-29	valid	execution_error
conformance	codyps-zpl	encoding-30	valid	execution_error
conformance	forge	encoding-remap	valid	execution_error
conformance	labelize	numbered-fields-inline	valid	blank_against_ink
conformance	binarykits	numbered-fields-inline	valid	blank_against_ink
conformance	binarykits	interleaved-odd-digits	boundary	execution_crashed
conformance	labelize	serial-000009-Y	valid	execution_error
conformance	forge	serial-000009-Y	valid	blank_against_ink
conformance	go	serial-000009-Y	valid	blank_against_ink
conformance	ffi	serial-000009-Y	valid	blank_against_ink
conformance	binarykits	serial-000009-Y	valid	blank_against_ink
conformance	labelize	serial-000009-N	valid	execution_error
conformance	forge	serial-000009-N	valid	blank_against_ink
conformance	go	serial-000009-N	valid	blank_against_ink
conformance	ffi	serial-000009-N	valid	blank_against_ink
conformance	binarykits	serial-000009-N	valid	blank_against_ink
conformance	zplr	serial-000009-N	valid	zero_ink_overlap
conformance	labelize	serial-A009Z-Y	valid	execution_error
conformance	forge	serial-A009Z-Y	valid	blank_against_ink
conformance	go	serial-A009Z-Y	valid	blank_against_ink
conformance	ffi	serial-A009Z-Y	valid	blank_against_ink
conformance	binarykits	serial-A009Z-Y	valid	blank_against_ink
conformance	forge	symbol-graphic-A-R	valid	zero_ink_overlap
conformance	go	symbol-graphic-A-R	valid	zero_ink_overlap
conformance	ffi	symbol-graphic-A-R	valid	zero_ink_overlap
conformance	forge	symbol-graphic-A-I	valid	zero_ink_overlap
conformance	go	symbol-graphic-A-I	valid	zero_ink_overlap
conformance	ffi	symbol-graphic-A-I	valid	zero_ink_overlap
conformance	forge	symbol-graphic-B-R	valid	zero_ink_overlap
conformance	go	symbol-graphic-B-R	valid	zero_ink_overlap
conformance	ffi	symbol-graphic-B-R	valid	zero_ink_overlap
conformance	forge	symbol-graphic-B-I	valid	zero_ink_overlap
conformance	go	symbol-graphic-B-I	valid	zero_ink_overlap
conformance	ffi	symbol-graphic-B-I	valid	zero_ink_overlap
conformance	forge	symbol-graphic-C-R	valid	zero_ink_overlap
conformance	go	symbol-graphic-C-R	valid	zero_ink_overlap
conformance	ffi	symbol-graphic-C-R	valid	zero_ink_overlap
conformance	forge	symbol-graphic-C-I	valid	zero_ink_overlap
conformance	go	symbol-graphic-C-I	valid	zero_ink_overlap
conformance	ffi	symbol-graphic-C-I	valid	zero_ink_overlap
conformance	labelize	raster-equivalent-B64	valid	execution_error
conformance	forge	raster-equivalent-binary	valid	execution_error
conformance	binarykits	raster-equivalent-binary	valid	execution_crashed
conformance	forge	raster-fill-rle	valid	zero_ink_overlap
conformance	forge	raster-binary-command-bytes	boundary	execution_error
conformance	binarykits	raster-binary-command-bytes	boundary	execution_crashed
conformance	labelary	datamatrix-quality-0	valid	blank_against_ink
conformance	labelary	datamatrix-quality-50	valid	blank_against_ink
conformance	labelary	datamatrix-quality-80	valid	blank_against_ink
conformance	labelary	datamatrix-quality-100	valid	blank_against_ink
conformance	labelary	datamatrix-quality-140	valid	blank_against_ink
conformance	forge	pdf417-security-8-N	valid	execution_error
conformance	forge	pdf417-security-8-Y	valid	execution_error
conformance	labelize	pdf417-structured-origins-1	boundary	execution_error
conformance	forge	pdf417-structured-origins-1	boundary	execution_error
conformance	binarykits	pdf417-structured-origins-1	boundary	execution_crashed
conformance	labelize	pdf417-structured-origins-3	boundary	execution_error
conformance	forge	pdf417-structured-origins-3	boundary	execution_error
conformance	binarykits	pdf417-structured-origins-3	boundary	execution_crashed
conformance	labelize	structured-exclude-B7	boundary	execution_error
conformance	forge	structured-exclude-B7	boundary	execution_error
conformance	binarykits	structured-exclude-B7	boundary	execution_crashed
conformance	codyps-zpl	invalid-bad-orientation	invalid	execution_error
conformance	codyps-zpl	invalid-negative-width	invalid	execution_error
conformance	forge	invalid-negative-width	invalid	execution_error
conformance	codyps-zpl	invalid-bad-alignment	invalid	execution_error
conformance	codyps-zpl	invalid-bad-hex	invalid	execution_error
conformance	codyps-zpl	invalid-truncated-hex	invalid	execution_error
conformance	codyps-zpl	invalid-bad-raster-count	invalid	execution_error
conformance	labelary	invalid-bad-raster-count	invalid	execution_error
conformance	codyps-zpl	invalid-zero-raster-stride	invalid	execution_error
conformance	forge	invalid-zero-raster-stride	invalid	execution_error
conformance	codyps-zpl	invalid-bad-base64	invalid	execution_error
conformance	labelary	invalid-bad-base64	invalid	execution_error
conformance	codyps-zpl	invalid-bad-crc	invalid	execution_error
conformance	labelize	invalid-bad-crc	invalid	execution_error
conformance	codyps-zpl	invalid-qr-model-invalid	invalid	execution_error
conformance	codyps-zpl	invalid-qr-mask-invalid	invalid	execution_error
conformance	labelize	invalid-ean-nonnumeric	invalid	execution_error
conformance	forge	invalid-ean-nonnumeric	invalid	execution_error
conformance	binarykits	invalid-ean-nonnumeric	invalid	execution_crashed
conformance	forge	invalid-code39-empty	invalid	execution_error
conformance	codyps-zpl	invalid-unknown-encoding	invalid	execution_error
layout-accuracy	zplr	layout-transform-Y-N	valid	zero_ink_overlap
layout-accuracy	labelary	layout-transform-Y-N	valid	zero_ink_overlap
external-zpl	forge	zpl-toolchain-usps_surepost_sample	boundary	execution_error
external-zpl	codyps-zpl	zplr-retail-upc-ean	boundary	execution_error
external-zpl	codyps-zpl	zplr-stored-resources	boundary	execution_error
external-zpl	forge	zplr-stored-resources	boundary	execution_error
external-zpl	binarykits	zplr-stored-resources	boundary	execution_crashed
zq610-candidates	forge	barcode-aztec	unspecified	execution_error
zq610-candidates	forge	barcode-aztec_alias	unspecified	execution_error
zq610-candidates	forge	barcode-aztec_rune	unspecified	execution_error
zq610-candidates	forge	barcode-codabar	unspecified	execution_error
zq610-candidates	forge	barcode-codablock_a	unspecified	execution_error
zq610-candidates	forge	barcode-codablock_e	unspecified	execution_error
zq610-candidates	forge	barcode-codablock_f	unspecified	execution_error
zq610-candidates	forge	barcode-code11	unspecified	execution_error
zq610-candidates	forge	barcode-code128	unspecified	execution_error
zq610-candidates	forge	barcode-code39	unspecified	execution_error
zq610-candidates	forge	barcode-code49	unspecified	execution_error
zq610-candidates	forge	barcode-code93	unspecified	execution_error
zq610-candidates	forge	barcode-composite_a	unspecified	execution_error
zq610-candidates	forge	barcode-composite_b	unspecified	execution_error
zq610-candidates	forge	barcode-composite_c	unspecified	execution_error
zq610-candidates	forge	barcode-data_matrix	unspecified	execution_error
zq610-candidates	forge	barcode-data_matrix_rectangular	unspecified	execution_error
zq610-candidates	forge	barcode-databar_ean13	unspecified	execution_error
zq610-candidates	forge	barcode-databar_ean8	unspecified	execution_error
zq610-candidates	forge	barcode-databar_expanded	unspecified	execution_error
zq610-candidates	forge	barcode-databar_expanded_stacked	unspecified	execution_error
zq610-candidates	forge	barcode-databar_limited	unspecified	execution_error
zq610-candidates	forge	barcode-databar_omni	unspecified	execution_error
zq610-candidates	forge	barcode-databar_stacked	unspecified	execution_error
zq610-candidates	forge	barcode-databar_stacked_omni	unspecified	execution_error
zq610-candidates	forge	barcode-databar_truncated	unspecified	execution_error
zq610-candidates	forge	barcode-databar_upca	unspecified	execution_error
zq610-candidates	forge	barcode-databar_upce	unspecified	execution_error
zq610-candidates	labelary	barcode-databar_upce	unspecified	blank_against_ink
zq610-candidates	forge	barcode-ean13	unspecified	execution_error
zq610-candidates	forge	barcode-ean8	unspecified	execution_error
zq610-candidates	forge	barcode-extension2	unspecified	execution_error
zq610-candidates	forge	barcode-extension5	unspecified	execution_error
zq610-candidates	forge	barcode-industrial2of5	unspecified	execution_error
zq610-candidates	forge	barcode-intelligent_mail	unspecified	execution_error
zq610-candidates	forge	barcode-interleaved2of5	unspecified	execution_error
zq610-candidates	forge	barcode-logmars	unspecified	execution_error
zq610-candidates	forge	barcode-maxicode2	unspecified	execution_error
zq610-candidates	labelize	barcode-maxicode2	unspecified	execution_error
zq610-candidates	forge	barcode-maxicode3	unspecified	execution_error
zq610-candidates	labelize	barcode-maxicode3	unspecified	execution_error
zq610-candidates	forge	barcode-maxicode4	unspecified	execution_error
zq610-candidates	forge	barcode-maxicode5	unspecified	execution_error
zq610-candidates	labelize	barcode-maxicode5	unspecified	execution_error
zq610-candidates	forge	barcode-maxicode6	unspecified	execution_error
zq610-candidates	labelize	barcode-maxicode6	unspecified	execution_error
zq610-candidates	forge	barcode-micropdf417_1	unspecified	execution_error
zq610-candidates	forge	barcode-micropdf417_3	unspecified	execution_error
zq610-candidates	forge	barcode-micropdf417_4	unspecified	execution_error
zq610-candidates	forge	barcode-msi_a	unspecified	execution_error
zq610-candidates	forge	barcode-msi_b	unspecified	execution_error
zq610-candidates	forge	barcode-msi_c	unspecified	execution_error
zq610-candidates	forge	barcode-msi_d	unspecified	execution_error
zq610-candidates	forge	barcode-pdf417	unspecified	execution_error
zq610-candidates	forge	barcode-pdf417_truncated	unspecified	execution_error
zq610-candidates	forge	barcode-planet	unspecified	execution_error
zq610-candidates	forge	barcode-plessey	unspecified	execution_error
zq610-candidates	forge	barcode-postal_planet	unspecified	execution_error
zq610-candidates	forge	barcode-postnet	unspecified	execution_error
zq610-candidates	forge	barcode-qr	unspecified	execution_error
zq610-candidates	forge	barcode-standard2of5	unspecified	execution_error
zq610-candidates	forge	barcode-tlc39_linear	unspecified	execution_error
zq610-candidates	forge	barcode-tlc39_linked	unspecified	execution_error
zq610-candidates	forge	barcode-upca	unspecified	execution_error
zq610-candidates	forge	barcode-upce	unspecified	execution_error
zq610-candidates	forge	canvas-height-120	unspecified	execution_error
zq610-candidates	forge	canvas-height-2030	unspecified	execution_error
zq610-candidates	forge	canvas-height-400	unspecified	execution_error
zq610-candidates	forge	canvas-width-120-fit	unspecified	execution_error
zq610-candidates	forge	canvas-width-120	unspecified	execution_error
zq610-candidates	forge	canvas-width-300-fit	unspecified	execution_error
zq610-candidates	forge	canvas-width-300	unspecified	execution_error
zq610-candidates	forge	canvas-width-384	unspecified	execution_error
zq610-candidates	forge	canvas-width-400	unspecified	execution_error
zq610-candidates	forge	canvas-width-832	unspecified	execution_error
zq610-candidates	forge	graphic	unspecified	execution_error
zq610-candidates	forge	layout-LS12	unspecified	execution_error
zq610-candidates	forge	layout-LT0	unspecified	execution_error
zq610-candidates	forge	layout-LT30	unspecified	execution_error
zq610-candidates	labelary	layout-LT30	unspecified	zero_ink_overlap
zq610-candidates	labelize	layout-LT30	unspecified	zero_ink_overlap
zq610-candidates	zplr	layout-LT30	unspecified	zero_ink_overlap
zq610-candidates	forge	layout-PMN	unspecified	execution_error
zq610-candidates	forge	layout-PMY	unspecified	execution_error
zq610-candidates	labelary	layout-PMY	unspecified	zero_ink_overlap
zq610-candidates	zplr	layout-PMY	unspecified	zero_ink_overlap
zq610-candidates	forge	layout-POI	unspecified	execution_error
zq610-candidates	labelary	layout-POI	unspecified	zero_ink_overlap
zq610-candidates	labelize	layout-POI	unspecified	zero_ink_overlap
zq610-candidates	zplr	layout-POI	unspecified	zero_ink_overlap
zq610-candidates	forge	layout-PON	unspecified	execution_error
zq610-candidates	forge	shape-GB	unspecified	execution_error
zq610-candidates	forge	shape-GC	unspecified	execution_error
zq610-candidates	forge	shape-GD	unspecified	execution_error
zq610-candidates	forge	shape-GE	unspecified	execution_error
zq610-candidates	forge	smoke-aztec	unspecified	execution_error
zq610-candidates	forge	smoke-aztec_alias	unspecified	execution_error
zq610-candidates	forge	smoke-aztec_rune	unspecified	execution_error
zq610-candidates	forge	smoke-codabar	unspecified	execution_error
zq610-candidates	forge	text-0-B	unspecified	execution_error
zq610-candidates	forge	text-0-I	unspecified	execution_error
zq610-candidates	forge	text-0-N	unspecified	execution_error
zq610-candidates	forge	text-0-R	unspecified	execution_error
zq610-candidates	forge	text-A-B	unspecified	execution_error
zq610-candidates	forge	text-A-I-fit	unspecified	execution_error
zq610-candidates	forge	text-A-I	unspecified	execution_error
zq610-candidates	forge	text-A-N	unspecified	execution_error
zq610-candidates	forge	text-A-R	unspecified	execution_error
zq610-candidates	forge	text-D-B	unspecified	execution_error
zq610-candidates	forge	text-D-I-fit	unspecified	execution_error
zq610-candidates	forge	text-D-I	unspecified	execution_error
zq610-candidates	forge	text-D-N	unspecified	execution_error
zq610-candidates	forge	text-D-R	unspecified	execution_error
zq610-candidates	forge	text-E-B	unspecified	execution_error
zq610-candidates	forge	text-E-I-fit	unspecified	execution_error
zq610-candidates	forge	text-E-I	unspecified	execution_error
zq610-candidates	forge	text-E-N	unspecified	execution_error
zq610-candidates	forge	text-E-R	unspecified	execution_error
zq610-candidates	forge	text-block	unspecified	execution_error
zq610-candidates	binarykits	width-boundary-1	unspecified	zero_ink_overlap
zq610-candidates	ffi	width-boundary-1	unspecified	zero_ink_overlap
zq610-candidates	forge	width-boundary-1	unspecified	execution_error
zq610-candidates	go	width-boundary-1	unspecified	zero_ink_overlap
zq610-candidates	zplr	width-boundary-1	unspecified	zero_ink_overlap
zq610-candidates	forge	width-boundary-127	unspecified	execution_error
zq610-candidates	forge	width-boundary-128	unspecified	execution_error
zq610-candidates	forge	width-boundary-383	unspecified	execution_error
zq610-candidates	forge	width-boundary-384-fit	unspecified	execution_error
zq610-candidates	forge	width-boundary-384	unspecified	execution_error
zq610-candidates	forge	width-boundary-385	unspecified	execution_error
zq610-candidates	forge	width-boundary-63	unspecified	execution_error
zq610-candidates	forge	width-boundary-64	unspecified	execution_error
zq610-candidates	forge	width-boundary-65	unspecified	execution_error
zq610-candidates	forge	width-boundary-800	unspecified	execution_error
zq610-candidates	forge	width-late-grow-fit	unspecified	execution_error
zq610-candidates	forge	width-late-grow	unspecified	execution_error
zq610-candidates	forge	width-late-shrink	unspecified	execution_error
zq610-candidates	labelize	width-late-shrink	unspecified	zero_ink_overlap
