# Command	PDF page (P1134473-11EN Rev A)
^A	60
^A@	62
^B0	64
^B1	66
^B2	68
^B3	70
^B4	74
^B5	78
^B7	79
^B8	83
^B9	85
^BA	87
^BB	90
^BC	94
^BD	106
^BE	109
^BF	111
^BI	114
^BJ	116
^BK	118
^BL	120
^BM	122
^BO	124
^BP	126
^BQ	128
^BR	135
^BS	137
^BT	140
^BU	142
^BX	144
^BY	148
^BZ	150
^CC	152
~CC	152
^CD	153
~CD	153
^CF	154
^CI	155
^CM	160
^CN	162
^CO	163
^CP	165
^CT	166
~CT	166
^CV	167
^CW	168
~DB	170
~DE	172
^DF	174
~DG	175
~DN	177
~DS	178
~DT	179
~DU	180
~DY	181
~EG	185
^FB	186
^FC	189
^FD	190
^FE	191
^FH	193
^FL	195
^FM	197
^FN	200
^FO	201
^FP	202
^FR	203
^FS	204
^FT	205
^FV	207
^FW	208
^FX	209
^GB	210
^GC	212
^GD	213
^GE	214
^GF	215
^GS	217
~HB	218
~HD	219
^HF	220
^HG	221
^HH	222
~HI	224
~HM	225
~HQ	226
~HS	233
^HT	237
~HU	238
^HV	239
^HW	240
^HY	242
^HZ	243
^ID	245
^IL	247
^IM	248
^IS	249
~JA	251
^JB	252
~JB	253
~JC	254
~JD	255
~JE	256
~JF	257
~JG	258
^JH	259
^JI	263
~JI	265
^JJ	266
~JL	268
^JM	269
~JN	270
~JO	271
~JP	272
~JQ	273
~JR	274
^JS	275
~JS	276
^JT	277
^JU	278
^JW	279
~JX	280
^JZ	281
~KB	282
^KD	283
^KL	284
^KN	285
^KP	287
^KV	288
^LF	292
^LH	293
^LL	294
^LR	295
^LS	296
^LT	297
^MA	298
^MC	300
^MD	301
^MF	302
^MI	303
^ML	304
^MM	305
^MN	307
^MP	309
^MT	311
^MU	312
^MW	314
^PA	315
^PF	316
^PH	317
~PH	317
~PL	318
^PM	319
~PM	320
^PN	321
^PO	322
^PP	323
~PP	323
^PQ	324
~PR	325
^PR	326
~PS	328
^PW	329
~RO	330
^SC	332
~SD	333
^SE	334
^SF	335
^SI	338
^SL	339
^SN	341
^SO	343
^SP	344
^SQ	346
^SR	348
^SS	349
^ST	351
^SX	352
^SZ	354
~TA	355
^TB	356
^TO	357
~WC	359
^WD	361
~WQ	363
^XA	370
^XB	371
^XF	372
^XG	373
^XS	374
^XZ	375
^ZZ	376
^KC	378
^NB	379
^NC	380
~NC	381
^ND	382
^NI	384
^NN	385
^NP	386
~NR	387
^NS	388
^NT	390
~NT	391
^NW	392
^WA	393
^WE	394
^WL	396
~WL	397
^WP	399
^WR	400
~WR	401
^WS	402
^WX	404
^HL	413
~HL	413
^HR	415
^RB	424
^RF	426
^RL	431
^RS	434
^RU	439
^RW	441
~DL	1604
